Workbook

Sheet Contract Tracker
A1: ⚠ Want this automated? Renewl tracks contracts, extracts dates with AI, and sends alerts automatically. Try free → getrenewl.com
A2: Vendor Contract Renewal Tracker
A3: Track expiry dates, notice periods, and renewal windows for all your vendor contracts. Colour coding updates automatically.
A5: Contract Name | B5: Vendor / Party A | C5: Our Company / Party B | D5: Category | E5: Contract Value | F5: Effective Date | G5: Expiry Date | H5: Auto-Renews? | I5: Notice Period (days) | J5: Notice Deadline | K5: Days Until Expiry | L5: Status | M5: Owner | N5: Notes
A6: AWS Enterprise Agreement | B6: Amazon Web Services Inc. | C6: Acme Technologies Ltd. | D6: SaaS | E6: $120,000/yr | F6: 45383 | G6: 46112 | H6: Yes | I6: 90 | J6: =IF(AND(G6<>"",I6<>""),G6-I6,"") -> 46022 | K6: =IF(G6<>"",G6-TODAY(),"") -> 9 | L6: =IF(G6="","No Expiry",IF(G6<TODAY(),"Expired",IF(G6-TODAY()<=30,"🔴 Urgent",IF(G6-TODAY()<=60,"🟡 Review Soon","🟢 Active")))) -> 🔴 Urgent | M6: Jane Smith | N6: Annual committed spend. Negotiate 10% discount at renewal.
A7: Salesforce CRM | B7: Salesforce Inc. | C7: Acme Technologies Ltd. | D7: SaaS | E7: $48,000/yr | F7: 45658 | G7: 46022 | H7: Yes | I7: 30 | J7: =IF(AND(G7<>"",I7<>""),G7-I7,"") -> 45992 | K7: =IF(G7<>"",G7-TODAY(),"") -> -81 | L7: =IF(G7="","No Expiry",IF(G7<TODAY(),"Expired",IF(G7-TODAY()<=30,"🔴 Urgent",IF(G7-TODAY()<=60,"🟡 Review Soon","🟢 Active")))) -> Expired | M7: Jane Smith | N7: Review seat count before renewal — 5 unused licences.
A8: Office Lease — Canary Wharf | B8: WeWork Global LLC | C8: Acme Technologies Ltd. | D8: Lease | E8: £2,500/mo | F8: 45717 | G8: 46447 | H8: No | I8: 60 | J8: =IF(AND(G8<>"",I8<>""),G8-I8,"") -> 46387 | K8: =IF(G8<>"",G8-TODAY(),"") -> 344 | L8: =IF(G8="","No Expiry",IF(G8<TODAY(),"Expired",IF(G8-TODAY()<=30,"🔴 Urgent",IF(G8-TODAY()<=60,"🟡 Review Soon","🟢 Active")))) -> 🟢 Active | M8: Mark Lee | N8: Option to renew for 12 months. Notify landlord 60 days out.
A9: HubSpot Marketing Hub | B9: HubSpot Inc. | C9: Acme Technologies Ltd. | D9: SaaS | E9: $19,200/yr | F9: 45488 | G9: 45852 | H9: No | I9: 14 | J9: =IF(AND(G9<>"",I9<>""),G9-I9,"") -> 45838 | K9: =IF(G9<>"",G9-TODAY(),"") -> -251 | L9: =IF(G9="","No Expiry",IF(G9<TODAY(),"Expired",IF(G9-TODAY()<=30,"🔴 Urgent",IF(G9-TODAY()<=60,"🟡 Review Soon","🟢 Active")))) -> Expired | M9: Sarah Chen | N9: Does not auto-renew. Must confirm renewal 14 days before.
A10: Accenture Consulting MSA | B10: Accenture LLP | C10: Acme Technologies Ltd. | D10: Vendor | E10: £85,000/yr | F10: 45536 | G10: 46265 | H10: No | I10: 60 | J10: =IF(AND(G10<>"",I10<>""),G10-I10,"") -> 46205 | K10: =IF(G10<>"",G10-TODAY(),"") -> 162 | L10: =IF(G10="","No Expiry",IF(G10<TODAY(),"Expired",IF(G10-TODAY()<=30,"🔴 Urgent",IF(G10-TODAY()<=60,"🟡 Review Soon","🟢 Active")))) -> 🟢 Active | M10: Mark Lee | N10: Statement of work #3 in progress. Review scope at renewal.
A11: Equinix Data Centre Colocation | B11: Equinix (EMEA) BV | C11: Acme Technologies Ltd. | D11: Vendor | E11: £50,400/yr | F11: 45200 | G11: 46295 | H11: Yes | I11: 90 | J11: =IF(AND(G11<>"",I11<>""),G11-I11,"") -> 46205 | K11: =IF(G11<>"",G11-TODAY(),"") -> 192 | L11: =IF(G11="","No Expiry",IF(G11<TODAY(),"Expired",IF(G11-TODAY()<=30,"🔴 Urgent",IF(G11-TODAY()<=60,"🟡 Review Soon","🟢 Active")))) -> 🟢 Active | M11: Jane Smith | N11: Auto-renews unless 90-day notice given. Evergreen clause.
A12: Slack Business+ | B12: Slack Technologies LLC | C12: Acme Technologies Ltd. | D12: SaaS | E12: $5,250/yr | F12: 45597 | H12: Yes | I12: 7 | J12: =IF(AND(G12<>"",I12<>""),G12-I12,"") | K12: =IF(G12<>"",G12-TODAY(),"") | L12: =IF(G12="","No Expiry",IF(G12<TODAY(),"Expired",IF(G12-TODAY()<=30,"🔴 Urgent",IF(G12-TODAY()<=60,"🟡 Review Soon","🟢 Active")))) -> No Expiry | M12: Sarah Chen | N12: Month-to-month. No fixed expiry. Cancel anytime.
A13: NDA — DataSync Solutions | B13: DataSync Solutions Ltd. | C13: Acme Technologies Ltd. | D13: NDA | E13: N/A | F13: 45458 | G13: 46187 | H13: No | I13: 30 | J13: =IF(AND(G13<>"",I13<>""),G13-I13,"") -> 46157 | K13: =IF(G13<>"",G13-TODAY(),"") -> 84 | L13: =IF(G13="","No Expiry",IF(G13<TODAY(),"Expired",IF(G13-TODAY()<=30,"🔴 Urgent",IF(G13-TODAY()<=60,"🟡 Review Soon","🟢 Active")))) -> 🟢 Active | M13: Mark Lee | N13: Mutual NDA. Does not auto-renew.
J14: =IF(AND(G14<>"",I14<>""),G14-I14,"") | K14: =IF(G14<>"",G14-TODAY(),"") | L14: =IF(G14="","No Expiry",IF(G14<TODAY(),"Expired",IF(G14-TODAY()<=30,"🔴 Urgent",IF(G14-TODAY()<=60,"🟡 Review Soon","🟢 Active")))) -> No Expiry
J15: =IF(AND(G15<>"",I15<>""),G15-I15,"") | K15: =IF(G15<>"",G15-TODAY(),"") | L15: =IF(G15="","No Expiry",IF(G15<TODAY(),"Expired",IF(G15-TODAY()<=30,"🔴 Urgent",IF(G15-TODAY()<=60,"🟡 Review Soon","🟢 Active")))) -> No Expiry
J16: =IF(AND(G16<>"",I16<>""),G16-I16,"") | K16: =IF(G16<>"",G16-TODAY(),"") | L16: =IF(G16="","No Expiry",IF(G16<TODAY(),"Expired",IF(G16-TODAY()<=30,"🔴 Urgent",IF(G16-TODAY()<=60,"🟡 Review Soon","🟢 Active")))) -> No Expiry
J17: =IF(AND(G17<>"",I17<>""),G17-I17,"") | K17: =IF(G17<>"",G17-TODAY(),"") | L17: =IF(G17="","No Expiry",IF(G17<TODAY(),"Expired",IF(G17-TODAY()<=30,"🔴 Urgent",IF(G17-TODAY()<=60,"🟡 Review Soon","🟢 Active")))) -> No Expiry
J18: =IF(AND(G18<>"",I18<>""),G18-I18,"") | K18: =IF(G18<>"",G18-TODAY(),"") | L18: =IF(G18="","No Expiry",IF(G18<TODAY(),"Expired",IF(G18-TODAY()<=30,"🔴 Urgent",IF(G18-TODAY()<=60,"🟡 Review Soon","🟢 Active")))) -> No Expiry
J19: =IF(AND(G19<>"",I19<>""),G19-I19,"") | K19: =IF(G19<>"",G19-TODAY(),"") | L19: =IF(G19="","No Expiry",IF(G19<TODAY(),"Expired",IF(G19-TODAY()<=30,"🔴 Urgent",IF(G19-TODAY()<=60,"🟡 Review Soon","🟢 Active")))) -> No Expiry
J20: =IF(AND(G20<>"",I20<>""),G20-I20,"") | K20: =IF(G20<>"",G20-TODAY(),"") | L20: =IF(G20="","No Expiry",IF(G20<TODAY(),"Expired",IF(G20-TODAY()<=30,"🔴 Urgent",IF(G20-TODAY()<=60,"🟡 Review Soon","🟢 Active")))) -> No Expiry
J21: =IF(AND(G21<>"",I21<>""),G21-I21,"") | K21: =IF(G21<>"",G21-TODAY(),"") | L21: =IF(G21="","No Expiry",IF(G21<TODAY(),"Expired",IF(G21-TODAY()<=30,"🔴 Urgent",IF(G21-TODAY()<=60,"🟡 Review Soon","🟢 Active")))) -> No Expiry
J22: =IF(AND(G22<>"",I22<>""),G22-I22,"") | K22: =IF(G22<>"",G22-TODAY(),"") | L22: =IF(G22="","No Expiry",IF(G22<TODAY(),"Expired",IF(G22-TODAY()<=30,"🔴 Urgent",IF(G22-TODAY()<=60,"🟡 Review Soon","🟢 Active")))) -> No Expiry

Sheet How to Use
B1: How to Use This Template
B2: A simple guide to getting the most out of your contract renewal tracker.
B4: Getting started
B5: 1. Add your contracts | C5: Go to the Contract Tracker sheet and fill in each row. Start with your most important contracts — the ones with the highest value or shortest notice periods.
B6: 2. Enter expiry dates | C6: The Expiry Date column (G) drives everything else. Once you enter a date, the Days Until Expiry and Status columns update automatically.
B7: 3. Enter notice periods | C7: If your contract requires advance notice to cancel, enter the number of days in column I. The Notice Deadline column will calculate the last day you can act.
B8: 4. Check the Status column | C8: Status updates automatically: 🟢 Active (>60 days), 🟡 Review Soon (30-60 days), 🔴 Urgent (under 30 days), Expired.
B10: Colour coding
B11: 🟢 Green rows | C11: Contract expires in more than 60 days. No action needed yet.
B12: 🟡 Amber rows | C12: Contract expires in 30-60 days. Start reviewing terms and consider negotiation.
B13: 🔴 Red rows | C13: Contract expires in under 30 days. Urgent — check notice deadline immediately.
B14: Grey rows | C14: Contract has already expired.
B16: Tips
B17: Notice deadline matters more than expiry date | C17: If you have a 60-day notice period and your contract expires in 65 days, you have 5 days to act — not 65. Always check column J.
B18: Review monthly | C18: Set a recurring calendar reminder on the 1st of each month to open this sheet and check for anything moving into amber or red.
B19: Track auto-renewals carefully | C19: Contracts that auto-renew (column H = Yes) will roll over silently. These are the most dangerous — vendors bank on you missing the notice window.
B20: Keep notes updated | C20: Use the Notes column to capture negotiation context: current pricing, what you want to change, who to call. You'll thank yourself at renewal time.
B22: Want this automated?
B23: About Renewl | C23: Renewl does everything this spreadsheet does — but automatically. Upload a PDF contract, AI extracts the dates, and you get email alerts at 60, 30, and 7 days before anything expires. No manual updates, no missed renewals.
B24: Free to try | C24: Start free at getrenewl.com — up to 20 contracts, no credit card required.

Sheet Summary
B1: Contract Summary Dashboard
B2: Last updated: 22 Mar 2026
B4: Total contracts tracked | C4: =COUNTA('Contract Tracker'!A6:A100) -> 8
B5: Active contracts | C5: =COUNTIF('Contract Tracker'!L6:L100,"🟢 Active") -> 4
B6: Review soon (30-60 days) | C6: =COUNTIF('Contract Tracker'!L6:L100,"🟡 Review Soon") -> 0
B7: Urgent (under 30 days) | C7: =COUNTIF('Contract Tracker'!L6:L100,"🔴 Urgent") -> 1
B8: Expired | C8: =COUNTIF('Contract Tracker'!L6:L100,"Expired") -> 2
B9: Auto-renewing contracts | C9: =COUNTIF('Contract Tracker'!H6:H100,"Yes") -> 4
B11: Next contracts expiring
B12: → Go to Contract Tracker sheet and sort column K (Days Until Expiry) ascending to see what's coming up soonest.
B14: 💡 Want automatic alerts? Renewl emails you 60, 30, and 7 days before every renewal. Try free at getrenewl.com
